<?xml version="1.0" encoding="UTF-8"?>
<!DOCTYPE mapper PUBLIC "-//mybatis.org//DTD Mapper 3.0//EN" "http://mybatis.org/dtd/mybatis-3-mapper.dtd">
<mapper namespace="com.enjoylearning.mybatis.mapper.THealthReportFemaleMapper">
  <resultMap id="BaseResultMap" type="com.enjoylearning.mybatis.entity.THealthReportFemale">
    <!--
      WARNING - @mbg.generated
      This element is automatically generated by MyBatis Generator, do not modify.
    -->
    <id column="id" jdbcType="INTEGER" property="id" />
    <result column="item" jdbcType="VARCHAR" property="item" />
    <result column="score" jdbcType="DECIMAL" property="score" />
    <result column="user_id" jdbcType="INTEGER" property="userId" />
  </resultMap>
  <sql id="Base_Column_List">
    <!--
      WARNING - @mbg.generated
      This element is automatically generated by MyBatis Generator, do not modify.
    -->
    id, item, score, user_id
  </sql>
  <select id="selectByPrimaryKey" parameterType="java.lang.Integer" resultMap="BaseResultMap">
    <!--
      WARNING - @mbg.generated
      This element is automatically generated by MyBatis Generator, do not modify.
    -->
    select 
    <include refid="Base_Column_List" />
    from t_health_report_female
    where id = #{id,jdbcType=INTEGER}
  </select>
  <delete id="deleteByPrimaryKey" parameterType="java.lang.Integer">
    <!--
      WARNING - @mbg.generated
      This element is automatically generated by MyBatis Generator, do not modify.
    -->
    delete from t_health_report_female
    where id = #{id,jdbcType=INTEGER}
  </delete>
  <insert id="insert" parameterType="com.enjoylearning.mybatis.entity.THealthReportFemale">
    <!--
      WARNING - @mbg.generated
      This element is automatically generated by MyBatis Generator, do not modify.
    -->
    <selectKey keyProperty="id" order="BEFORE" resultType="java.lang.Integer">
      SELECT LAST_INSERT_ID()
    </selectKey>
    insert into t_health_report_female (id, item, score, 
      user_id)
    values (#{id,jdbcType=INTEGER}, #{item,jdbcType=VARCHAR}, #{score,jdbcType=DECIMAL}, 
      #{userId,jdbcType=INTEGER})
  </insert>
  <insert id="insertSelective" parameterType="com.enjoylearning.mybatis.entity.THealthReportFemale">
    <!--
      WARNING - @mbg.generated
      This element is automatically generated by MyBatis Generator, do not modify.
    -->
    <selectKey keyProperty="id" order="BEFORE" resultType="java.lang.Integer">
      SELECT LAST_INSERT_ID()
    </selectKey>
    insert into t_health_report_female
    <trim prefix="(" suffix=")" suffixOverrides=",">
      id,
      <if test="item != null">
        item,
      </if>
      <if test="score != null">
        score,
      </if>
      <if test="userId != null">
        user_id,
      </if>
    </trim>
    <trim prefix="values (" suffix=")" suffixOverrides=",">
      #{id,jdbcType=INTEGER},
      <if test="item != null">
        #{item,jdbcType=VARCHAR},
      </if>
      <if test="score != null">
        #{score,jdbcType=DECIMAL},
      </if>
      <if test="userId != null">
        #{userId,jdbcType=INTEGER},
      </if>
    </trim>
  </insert>
  <update id="updateByPrimaryKeySelective" parameterType="com.enjoylearning.mybatis.entity.THealthReportFemale">
    <!--
      WARNING - @mbg.generated
      This element is automatically generated by MyBatis Generator, do not modify.
    -->
    update t_health_report_female
    <set>
      <if test="item != null">
        item = #{item,jdbcType=VARCHAR},
      </if>
      <if test="score != null">
        score = #{score,jdbcType=DECIMAL},
      </if>
      <if test="userId != null">
        user_id = #{userId,jdbcType=INTEGER},
      </if>
    </set>
    where id = #{id,jdbcType=INTEGER}
  </update>
  <update id="updateByPrimaryKey" parameterType="com.enjoylearning.mybatis.entity.THealthReportFemale">
    <!--
      WARNING - @mbg.generated
      This element is automatically generated by MyBatis Generator, do not modify.
    -->
    update t_health_report_female
    set item = #{item,jdbcType=VARCHAR},
      score = #{score,jdbcType=DECIMAL},
      user_id = #{userId,jdbcType=INTEGER}
    where id = #{id,jdbcType=INTEGER}
  </update>
</mapper>