<?xml version="1.0" encoding="UTF-8"?>
<!DOCTYPE mapper PUBLIC "-//mybatis.org//DTD Mapper 3.0//EN" "http://mybatis.org/dtd/mybatis-3-mapper.dtd">
<mapper namespace="com.enjoylearning.mybatis.mapper.TJobHistoryMapper">
  <resultMap id="BaseResultMap" type="com.enjoylearning.mybatis.entity.TJobHistory">
    <!--
      WARNING - @mbg.generated
      This element is automatically generated by MyBatis Generator, do not modify.
    -->
    <id column="id" jdbcType="INTEGER" property="id" />
    <result column="user_id" jdbcType="INTEGER" property="userId" />
    <result column="comp_name" jdbcType="VARCHAR" property="compName" />
    <result column="years" jdbcType="INTEGER" property="years" />
    <result column="title" jdbcType="VARCHAR" property="title" />
  </resultMap>
  <sql id="Base_Column_List">
    <!--
      WARNING - @mbg.generated
      This element is automatically generated by MyBatis Generator, do not modify.
    -->
    id, user_id, comp_name, years, title
  </sql>
  <select id="selectByPrimaryKey" parameterType="java.lang.Integer" resultMap="BaseResultMap">
    <!--
      WARNING - @mbg.generated
      This element is automatically generated by MyBatis Generator, do not modify.
    -->
    select 
    <include refid="Base_Column_List" />
    from t_job_history
    where id = #{id,jdbcType=INTEGER}
  </select>
  <delete id="deleteByPrimaryKey" parameterType="java.lang.Integer">
    <!--
      WARNING - @mbg.generated
      This element is automatically generated by MyBatis Generator, do not modify.
    -->
    delete from t_job_history
    where id = #{id,jdbcType=INTEGER}
  </delete>
  <insert id="insert" parameterType="com.enjoylearning.mybatis.entity.TJobHistory">
    <!--
      WARNING - @mbg.generated
      This element is automatically generated by MyBatis Generator, do not modify.
    -->
    <selectKey keyProperty="id" order="BEFORE" resultType="java.lang.Integer">
      SELECT LAST_INSERT_ID()
    </selectKey>
    insert into t_job_history (id, user_id, comp_name, 
      years, title)
    values (#{id,jdbcType=INTEGER}, #{userId,jdbcType=INTEGER}, #{compName,jdbcType=VARCHAR}, 
      #{years,jdbcType=INTEGER}, #{title,jdbcType=VARCHAR})
  </insert>
  <insert id="insertSelective" parameterType="com.enjoylearning.mybatis.entity.TJobHistory">
    <!--
      WARNING - @mbg.generated
      This element is automatically generated by MyBatis Generator, do not modify.
    -->
    <selectKey keyProperty="id" order="BEFORE" resultType="java.lang.Integer">
      SELECT LAST_INSERT_ID()
    </selectKey>
    insert into t_job_history
    <trim prefix="(" suffix=")" suffixOverrides=",">
      id,
      <if test="userId != null">
        user_id,
      </if>
      <if test="compName != null">
        comp_name,
      </if>
      <if test="years != null">
        years,
      </if>
      <if test="title != null">
        title,
      </if>
    </trim>
    <trim prefix="values (" suffix=")" suffixOverrides=",">
      #{id,jdbcType=INTEGER},
      <if test="userId != null">
        #{userId,jdbcType=INTEGER},
      </if>
      <if test="compName != null">
        #{compName,jdbcType=VARCHAR},
      </if>
      <if test="years != null">
        #{years,jdbcType=INTEGER},
      </if>
      <if test="title != null">
        #{title,jdbcType=VARCHAR},
      </if>
    </trim>
  </insert>
  <update id="updateByPrimaryKeySelective" parameterType="com.enjoylearning.mybatis.entity.TJobHistory">
    <!--
      WARNING - @mbg.generated
      This element is automatically generated by MyBatis Generator, do not modify.
    -->
    update t_job_history
    <set>
      <if test="userId != null">
        user_id = #{userId,jdbcType=INTEGER},
      </if>
      <if test="compName != null">
        comp_name = #{compName,jdbcType=VARCHAR},
      </if>
      <if test="years != null">
        years = #{years,jdbcType=INTEGER},
      </if>
      <if test="title != null">
        title = #{title,jdbcType=VARCHAR},
      </if>
    </set>
    where id = #{id,jdbcType=INTEGER}
  </update>
  <update id="updateByPrimaryKey" parameterType="com.enjoylearning.mybatis.entity.TJobHistory">
    <!--
      WARNING - @mbg.generated
      This element is automatically generated by MyBatis Generator, do not modify.
    -->
    update t_job_history
    set user_id = #{userId,jdbcType=INTEGER},
      comp_name = #{compName,jdbcType=VARCHAR},
      years = #{years,jdbcType=INTEGER},
      title = #{title,jdbcType=VARCHAR}
    where id = #{id,jdbcType=INTEGER}
  </update>
</mapper>