<?xml version="1.0" encoding="UTF-8"?>
<!DOCTYPE mapper PUBLIC "-//mybatis.org//DTD Mapper 3.0//EN" "http://mybatis.org/dtd/mybatis-3-mapper.dtd">
<mapper namespace="com.enjoylearning.mybatis.mapper.TRolePermissionMapper">
  <resultMap id="BaseResultMap" type="com.enjoylearning.mybatis.entity.TRolePermission">
    <!--
      WARNING - @mbg.generated
      This element is automatically generated by MyBatis Generator, do not modify.
    -->
    <id column="id" jdbcType="INTEGER" property="id" />
    <result column="target" jdbcType="VARCHAR" property="target" />
    <result column="permission" jdbcType="VARCHAR" property="permission" />
    <result column="role_id" jdbcType="INTEGER" property="roleId" />
  </resultMap>
  <sql id="Base_Column_List">
    <!--
      WARNING - @mbg.generated
      This element is automatically generated by MyBatis Generator, do not modify.
    -->
    id, target, permission, role_id
  </sql>
  <select id="selectByPrimaryKey" parameterType="java.lang.Integer" resultMap="BaseResultMap">
    <!--
      WARNING - @mbg.generated
      This element is automatically generated by MyBatis Generator, do not modify.
    -->
    select 
    <include refid="Base_Column_List" />
    from t_role_permission
    where id = #{id,jdbcType=INTEGER}
  </select>
  <delete id="deleteByPrimaryKey" parameterType="java.lang.Integer">
    <!--
      WARNING - @mbg.generated
      This element is automatically generated by MyBatis Generator, do not modify.
    -->
    delete from t_role_permission
    where id = #{id,jdbcType=INTEGER}
  </delete>
  <insert id="insert" parameterType="com.enjoylearning.mybatis.entity.TRolePermission">
    <!--
      WARNING - @mbg.generated
      This element is automatically generated by MyBatis Generator, do not modify.
    -->
    <selectKey keyProperty="id" order="BEFORE" resultType="java.lang.Integer">
      SELECT LAST_INSERT_ID()
    </selectKey>
    insert into t_role_permission (id, target, permission, 
      role_id)
    values (#{id,jdbcType=INTEGER}, #{target,jdbcType=VARCHAR}, #{permission,jdbcType=VARCHAR}, 
      #{roleId,jdbcType=INTEGER})
  </insert>
  <insert id="insertSelective" parameterType="com.enjoylearning.mybatis.entity.TRolePermission">
    <!--
      WARNING - @mbg.generated
      This element is automatically generated by MyBatis Generator, do not modify.
    -->
    <selectKey keyProperty="id" order="BEFORE" resultType="java.lang.Integer">
      SELECT LAST_INSERT_ID()
    </selectKey>
    insert into t_role_permission
    <trim prefix="(" suffix=")" suffixOverrides=",">
      id,
      <if test="target != null">
        target,
      </if>
      <if test="permission != null">
        permission,
      </if>
      <if test="roleId != null">
        role_id,
      </if>
    </trim>
    <trim prefix="values (" suffix=")" suffixOverrides=",">
      #{id,jdbcType=INTEGER},
      <if test="target != null">
        #{target,jdbcType=VARCHAR},
      </if>
      <if test="permission != null">
        #{permission,jdbcType=VARCHAR},
      </if>
      <if test="roleId != null">
        #{roleId,jdbcType=INTEGER},
      </if>
    </trim>
  </insert>
  <update id="updateByPrimaryKeySelective" parameterType="com.enjoylearning.mybatis.entity.TRolePermission">
    <!--
      WARNING - @mbg.generated
      This element is automatically generated by MyBatis Generator, do not modify.
    -->
    update t_role_permission
    <set>
      <if test="target != null">
        target = #{target,jdbcType=VARCHAR},
      </if>
      <if test="permission != null">
        permission = #{permission,jdbcType=VARCHAR},
      </if>
      <if test="roleId != null">
        role_id = #{roleId,jdbcType=INTEGER},
      </if>
    </set>
    where id = #{id,jdbcType=INTEGER}
  </update>
  <update id="updateByPrimaryKey" parameterType="com.enjoylearning.mybatis.entity.TRolePermission">
    <!--
      WARNING - @mbg.generated
      This element is automatically generated by MyBatis Generator, do not modify.
    -->
    update t_role_permission
    set target = #{target,jdbcType=VARCHAR},
      permission = #{permission,jdbcType=VARCHAR},
      role_id = #{roleId,jdbcType=INTEGER}
    where id = #{id,jdbcType=INTEGER}
  </update>
</mapper>