<?xml version="1.0" encoding="UTF-8"?>
<!DOCTYPE mapper PUBLIC "-//mybatis.org//DTD Mapper 3.0//EN" "http://mybatis.org/dtd/mybatis-3-mapper.dtd">
<mapper namespace="com.enjoylearning.mybatis.mapper.TRoleMapper">
  <resultMap id="BaseResultMap" type="com.enjoylearning.mybatis.entity.TRole">
    <!--
      WARNING - @mbg.generated
      This element is automatically generated by MyBatis Generator, do not modify.
    -->
    <id column="id" jdbcType="INTEGER" property="id" />
    <result column="role_name" jdbcType="VARCHAR" property="roleName" />
    <result column="note" jdbcType="VARCHAR" property="note" />
  </resultMap>
  <sql id="Base_Column_List">
    <!--
      WARNING - @mbg.generated
      This element is automatically generated by MyBatis Generator, do not modify.
    -->
    id, role_name, note
  </sql>
  <select id="selectByPrimaryKey" parameterType="java.lang.Integer" resultMap="BaseResultMap">
    <!--
      WARNING - @mbg.generated
      This element is automatically generated by MyBatis Generator, do not modify.
    -->
    select 
    <include refid="Base_Column_List" />
    from t_role
    where id = #{id,jdbcType=INTEGER}
  </select>
  <delete id="deleteByPrimaryKey" parameterType="java.lang.Integer">
    <!--
      WARNING - @mbg.generated
      This element is automatically generated by MyBatis Generator, do not modify.
    -->
    delete from t_role
    where id = #{id,jdbcType=INTEGER}
  </delete>
  <insert id="insert" parameterType="com.enjoylearning.mybatis.entity.TRole">
    <!--
      WARNING - @mbg.generated
      This element is automatically generated by MyBatis Generator, do not modify.
    -->
    <selectKey keyProperty="id" order="BEFORE" resultType="java.lang.Integer">
      SELECT LAST_INSERT_ID()
    </selectKey>
    insert into t_role (id, role_name, note
      )
    values (#{id,jdbcType=INTEGER}, #{roleName,jdbcType=VARCHAR}, #{note,jdbcType=VARCHAR}
      )
  </insert>
  <insert id="insertSelective" parameterType="com.enjoylearning.mybatis.entity.TRole">
    <!--
      WARNING - @mbg.generated
      This element is automatically generated by MyBatis Generator, do not modify.
    -->
    <selectKey keyProperty="id" order="BEFORE" resultType="java.lang.Integer">
      SELECT LAST_INSERT_ID()
    </selectKey>
    insert into t_role
    <trim prefix="(" suffix=")" suffixOverrides=",">
      id,
      <if test="roleName != null">
        role_name,
      </if>
      <if test="note != null">
        note,
      </if>
    </trim>
    <trim prefix="values (" suffix=")" suffixOverrides=",">
      #{id,jdbcType=INTEGER},
      <if test="roleName != null">
        #{roleName,jdbcType=VARCHAR},
      </if>
      <if test="note != null">
        #{note,jdbcType=VARCHAR},
      </if>
    </trim>
  </insert>
  <update id="updateByPrimaryKeySelective" parameterType="com.enjoylearning.mybatis.entity.TRole">
    <!--
      WARNING - @mbg.generated
      This element is automatically generated by MyBatis Generator, do not modify.
    -->
    update t_role
    <set>
      <if test="roleName != null">
        role_name = #{roleName,jdbcType=VARCHAR},
      </if>
      <if test="note != null">
        note = #{note,jdbcType=VARCHAR},
      </if>
    </set>
    where id = #{id,jdbcType=INTEGER}
  </update>
  <update id="updateByPrimaryKey" parameterType="com.enjoylearning.mybatis.entity.TRole">
    <!--
      WARNING - @mbg.generated
      This element is automatically generated by MyBatis Generator, do not modify.
    -->
    update t_role
    set role_name = #{roleName,jdbcType=VARCHAR},
      note = #{note,jdbcType=VARCHAR}
    where id = #{id,jdbcType=INTEGER}
  </update>
</mapper>